{"stats":{"minecraft:killed":{"gamma_beasts:skinno_spawn":1,"gamma_beasts:grudels_spawn":1,"born_in_chaos_v1:zombie_clown":1,"arphex:solifuge_skulker":1,"gamma_beasts:shecko_spawn":1,"gamma_beasts:molluto_c":1,"gamma_beasts:zatlah_spawn":1,"arphex:spider_larvae_tiny":1,"minecraft:zombie_villager":1,"gamma_beasts:dogishi_spawn":1,"born_in_chaos_v1:zombie_lumberjack":2,"born_in_chaos_v1:restless_spirit":1,"man:managgresive":1,"born_in_chaos_v1:skeleton_demoman":1,"gamma_beasts:careyatros_spawn":1,"born_in_chaos_v1:swarmer":1,"gamma_beasts:banndu_spawn":1,"sanitydim:rotting_stalker":7,"gamma_beasts:crasu_spawn":1,"gamma_beasts:gusnow_spawn":1,"gamma_beasts:radioactive_bear_sapwn":1,"sanitydim:sneaking_terror":5,"gamma_beasts:molluto_spawn":1,"born_in_chaos_v1:maggot":5,"gamma_beasts:radioactive_bear_c":1,"minecraft:skeleton":4,"gamma_beasts:skinno_c":1,"gamma_beasts:diamond_golem_a":1,"gamma_beasts:banndu_c":1,"gamma_beasts:careyatros_c":1,"minecraft:zombie":4,"gamma_beasts:spider_c":1,"gamma_beasts:flyscale_c":1,"gamma_beasts:pangolin_spawn":1,"born_in_chaos_v1:corpse_fly":5,"gamma_beasts:crasu_c":1,"gamma_beasts:gusnow_c":1,"gamma_beasts:spider_a":1,"gamma_beasts:shecko_c":1,"gamma_beasts:pangolin_c":1,"antlers:wendigo":4,"arphex:spider_larvae":1,"gamma_beasts:muba_spawn":1,"gamma_beasts:dogishi_c":1,"gamma_beasts:diamond_golem_c":1,"apollyon:the_damned":2,"gamma_beasts:muba_c":1,"gamma_beasts:feathery_c":1},"minecraft:picked_up":{"minecraft:birch_log":1,"born_in_chaos_v1:corpse_maggot":10,"gamma_beasts:fur":51,"gamma_beasts:bird_thigh":6,"minecraft:wither_rose":2,"minecraft:oak_log":3,"minecraft:chainmail_chestplate":1,"minecraft:chain":1,"minecraft:gunpowder":1,"farmersdelight:flint_knife":1,"minecraft:string":1,"bhc:red_heart":2,"minecraft:bone":11,"minecraft:wheat_seeds":3,"gamma_beasts:meat":19,"minecraft:azalea":1,"born_in_chaos_v1:stimulating_decoction":2,"minecraft:flowering_azalea":1,"apotheosis:gem":4,"arphex:void_geode_shard":1,"minecraft:spruce_log":2,"minecraft:fermented_spider_eye":1,"minecraft:diamond_block":1,"minecraft:dark_oak_log":3,"minecraft:arrow":2,"minecraft:rotten_flesh":10,"minecraft:deepslate":3,"minecraft:diamond":1,"minecraft:stone_axe":1,"gamma_beasts:salmon_steak":7},"minecraft:mined":{"minecraft:fern":1},"minecraft:used":{"apollyon:the_damned_spawn_egg":2,"apollyon:the_infector_spawn_egg":1,"gamma_beasts:pangolin_spawn_spawn_egg":1,"gamma_beasts:sppinto_spawn_spawn_egg":1,"born_in_chaos_v1:stimulating_decoction":2,"minecraft:rotten_flesh":10,"gamma_beasts:radioactive_bear_sapwn_spawn_egg":1,"gamma_beasts:diamond_golem_a_spawn_egg":1,"gamma_beasts:grudels_spawn_spawn_egg":1,"gamma_beasts:gusnow_spawn_spawn_egg":1,"farmersdelight:flint_knife":4,"gamma_beasts:spider_a_spawn_egg":1,"gamma_beasts:crasu_spawn_spawn_egg":1,"gamma_beasts:molluto_spawn_spawn_egg":1,"gamma_beasts:dogishi_spawn_spawn_egg":1,"born_in_chaos_v1:corpse_maggot":10,"gamma_beasts:careyatros_spawn_spawn_egg":1,"the_knocker:knocker_spawn_egg":2,"gamma_beasts:zatlah_spawn_spawn_egg":1,"gamma_beasts:shecko_spawn_spawn_egg":1,"minecraft:stone_axe":3,"gamma_beasts:skinno_spawn_spawn_egg":1,"minecraft:pink_bed":1,"gamma_beasts:muba_spawn_spawn_egg":1,"arphex:solifuge_skulker_spawn_egg":1,"gamma_beasts:dosmo_spawn_spawn_egg":1,"gamma_beasts:banndu_spawn_spawn_egg":1},"minecraft:killed_by":{"antlers:wendigo":1},"minecraft:custom":{"minecraft:mob_kills":77,"minecraft:damage_dealt_resisted":21537,"minecraft:leave_game":2,"minecraft:time_since_death":33487,"minecraft:climb_one_cm":624,"minecraft:damage_resisted":3311,"minecraft:time_since_rest":33725,"minecraft:sprint_one_cm":48667,"minecraft:damage_taken":300,"minecraft:walk_one_cm":129591,"minecraft:drop":2,"minecraft:damage_dealt":114375,"minecraft:talked_to_villager":2,"minecraft:swim_one_cm":1830,"minecraft:fly_one_cm":203989,"minecraft:open_chest":1,"minecraft:crouch_one_cm":2672,"minecraft:play_time":35447,"minecraft:deaths":1,"minecraft:sneak_time":1037,"minecraft:walk_under_water_one_cm":2923,"minecraft:interact_with_lectern":2,"minecraft:jump":625,"minecraft:walk_on_water_one_cm":2376,"minecraft:total_world_time":35447,"minecraft:fall_one_cm":20928},"minecraft:dropped":{"minecraft:glass_bottle":2}},"DataVersion":3465}